id,sample_no,latitude,longitude,ec_mS_cm,sample_type,collection_date,team,ec_dS_m
1,S101,22.903646,88.964424,0.3038,Soil,2025-04-12 00:00:00,1,0.3038
2,S104,22.764584,89.432003,1.115,Soil,2025-04-14 00:00:00,1,1.115
3,S105,22.885592,89.064274,1.384,Soil,2025-04-12 00:00:00,1,1.384
4,S106,22.905552,89.054133,1.314,Soil,2025-04-12 00:00:00,1,1.314
5,S107,22.858672,89.262052,0.1796,Soil,2025-04-13 00:00:00,1,0.1796
6,S108,22.860237,89.37394,8.041,Soil,2025-04-14 00:00:00,1,8.041
7,S116,22.908034,89.364108,0.5672,Soil,2025-04-14 00:00:00,1,0.5672
8,S117,22.856567,89.323476,0.5794,Soil,2025-04-13 00:00:00,1,0.5794
9,S118,22.693955,89.432757,4.326,Soil,2025-04-14 00:00:00,1,4.326
10,S121,22.890492,89.395316,7.035,Soil,2025-04-14 00:00:00,1,7.035
11,S122,22.850097,89.114491,0.3661,Soil,2025-04-12 00:00:00,1,0.3661
12,S123,22.83798,89.168415,0.7117,Soil,2025-04-13 00:00:00,1,0.7117
13,S124,22.830273,89.194281,0.2054,Soil,2025-04-13 00:00:00,1,0.2054
14,S125,22.700673,89.145615,2.16,Soil,2025-04-11 00:00:00,1,2.16
15,S126,22.684265,88.988557,0.7909,Soil,2025-04-11 00:00:00,1,0.7909
16,S127,22.850728,89.029754,0.3313,Soil,2025-04-12 00:00:00,1,0.3313
17,S128,22.929983,89.004466,0.7387,Soil,2025-04-12 00:00:00,1,0.7387
18,S129,22.651079,89.109813,1.344,Soil,2025-04-11 00:00:00,1,1.344
19,S130,22.697999,89.063953,0.9445,Soil,2025-04-11 00:00:00,1,0.9445
20,S131,22.79071,89.053756,0.1523,Soil,2025-04-11 00:00:00,1,0.1523
21,S133,22.884416,89.241292,1.401,Soil,2025-04-13 00:00:00,1,1.401
22,S134,22.72659,89.428307,2.874,Soil,2025-04-14 00:00:00,1,2.874
23,S137,22.883591,89.155806,0.2652,Soil,2025-04-13 00:00:00,1,0.2652
24,S140,22.888849,88.949331,1.064,Soil,2025-04-12 00:00:00,1,1.064
25,S141,22.751358,88.936053,0.8904,Soil,2025-04-11 00:00:00,1,0.8904
26,S142,22.713978,88.975573,0.3969,Soil,2025-04-11 00:00:00,1,0.3969
27,S143,22.900112,89.321559,0.4194,Soil,2025-04-13 00:00:00,1,0.4194
28,S144,22.776576,89.006827,0.2094,Soil,2025-04-11 00:00:00,1,0.2094
29,S145,22.753167,89.101758,4.07,Soil,2025-04-11 00:00:00,1,4.07
30,S146,22.895802,89.013474,0.6753,Soil,2025-04-12 00:00:00,1,0.6753
31,S150,22.881019,89.454476,4.03,Soil,2025-04-14 00:00:00,1,4.03
32,S152,22.702224,89.030644,0.1673,Soil,2025-04-11 00:00:00,1,0.1673
33,S153,22.841241,89.132066,0.3008,Soil,2025-04-13 00:00:00,1,0.3008
34,S154,22.769123,88.964898,0.2229,Soil,2025-04-11 00:00:00,1,0.2229
35,S155,22.839883,89.096103,0.2269,Soil,2025-04-12 00:00:00,1,0.2269
36,S156,22.73184,88.96524,0.8142,Soil,2025-04-11 00:00:00,1,0.8142
37,S160,22.671819,88.971439,0.2623,Soil,2025-04-11 00:00:00,1,0.2623
38,S161,22.8924,88.996391,0.239,Soil,2025-04-12 00:00:00,1,0.239
39,S163,22.820161,88.989455,0.4704,Soil,2025-04-12 00:00:00,1,0.4704
40,S164,22.875559,89.219156,0.4729,Soil,2025-04-13 00:00:00,1,0.4729
41,S169,22.875146,89.095107,1.848,Soil,2025-04-12 00:00:00,1,1.848
42,S171,22.686617,89.101495,0.3854,Soil,2025-04-11 00:00:00,1,0.3854
43,S172,22.714788,89.126781,2.798,Soil,2025-04-11 00:00:00,1,2.798
44,S173,22.834666,89.487845,1.504,Soil,2025-04-14 00:00:00,1,1.504
45,S177,22.857051,89.438276,5.908,Soil,2025-04-14 00:00:00,1,5.908
46,S178,22.912258,89.275775,1.989,Soil,2025-04-13 00:00:00,1,1.989
47,S182,22.866173,89.020695,0.4959,Soil,2025-04-12 00:00:00,1,0.4959
48,S183,22.844534,89.057243,0.1963,Soil,2025-04-12 00:00:00,1,0.1963
49,S184,22.873709,88.987917,0.3206,Soil,2025-04-12 00:00:00,1,0.3206
50,S186,22.843094,89.222982,0.3063,Soil,2025-04-13 00:00:00,1,0.3063
51,S188,22.782401,89.023578,0.33,Soil,2025-04-11 00:00:00,1,0.33
52,S189,22.798732,89.035294,0.2702,Soil,2025-04-11 00:00:00,1,0.2702
53,S202,22.586928,88.965117,2.92,Soil,2025-04-11 00:00:00,2,2.92
54,S204,22.566843,89.175371,7.5,Soil,2025-04-13 00:00:00,2,7.5
55,S205,22.551202,89.105015,4.195,Soil,2025-04-13 00:00:00,2,4.195
56,S206,22.439428,89.01811,3.008,Soil,2025-04-12 00:00:00,2,3.008
57,S207,22.246041,89.153622,4.327,Soil,2025-04-14 00:00:00,2,4.327
58,S208,22.337146,89.085264,7.337,Soil,2025-04-14 00:00:00,2,7.337
59,S209,22.28804,89.042203,3.813,Soil,2025-04-14 00:00:00,2,3.813
60,S210,22.304341,89.188375,7.692,Soil,2025-04-14 00:00:00,2,7.692
61,S212,22.220503,89.140834,7.649,Soil,2025-04-14 00:00:00,2,7.649
62,S213,22.332306,89.072987,5.336,Soil,2025-04-14 00:00:00,2,5.336
63,S214,22.214945,89.124502,8.851,Soil,2025-04-14 00:00:00,2,8.851
64,S215,22.244173,89.080726,2.926,Soil,2025-04-14 00:00:00,2,2.926
65,S216,22.236264,89.106529,1.36,Soil,2025-04-14 00:00:00,2,1.36
66,S217,22.234736,89.165817,1.818,Soil,2025-04-14 00:00:00,2,1.818
67,S218,22.483989,89.076621,9.227,Soil,2025-04-12 00:00:00,2,9.227
68,S219,22.423405,89.107783,0.1578,Soil,2025-04-12 00:00:00,2,0.1578
69,S221,22.35716,89.155074,2.644,Soil,2025-04-14 00:00:00,2,2.644
70,S222,22.304803,89.062978,4.793,Soil,2025-04-14 00:00:00,2,4.793
71,S223,22.254523,89.281726,6.341,Soil,2025-04-14 00:00:00,2,6.341
72,S224,22.465134,89.070785,9.12,Soil,2025-04-12 00:00:00,2,9.12
73,S225,22.408048,89.063082,0.8126,Soil,2025-04-12 00:00:00,2,0.8126
74,S226,22.578653,89.082925,1.81,Soil,2025-04-13 00:00:00,2,1.81
75,S227,22.469774,89.013343,1.875,Soil,2025-04-12 00:00:00,2,1.875
76,S228,22.597586,89.177708,2.318,Soil,2025-04-13 00:00:00,2,2.318
77,S229,22.38183,89.131918,0.278,Soil,2025-04-12 00:00:00,2,0.278
78,S231,22.27762,89.030649,3.164,Soil,2025-04-14 00:00:00,2,3.164
79,S232,22.590743,89.241349,7.891,Soil,2025-04-13 00:00:00,2,7.891
80,S233,22.609893,89.223766,8.046,Soil,2025-04-13 00:00:00,2,8.046
81,S234,22.395032,89.040034,2.912,Soil,2025-04-12 00:00:00,2,2.912
82,S235,22.36802,89.060941,1.973,Soil,2025-04-12 00:00:00,2,1.973
83,S236,22.496037,89.129263,4.28,Soil,2025-04-12 00:00:00,2,4.28
84,S237,22.478558,89.104052,9.976,Soil,2025-04-12 00:00:00,2,9.976
85,S238,22.590863,89.069643,2.055,Soil,2025-04-13 00:00:00,2,2.055
86,S239,22.586127,89.033128,1.163,Soil,2025-04-11 00:00:00,2,1.163
87,S241,22.466742,89.056572,4.608,Soil,2025-04-12 00:00:00,2,4.608
88,S242,22.485622,89.026913,4.34,Soil,2025-04-12 00:00:00,2,4.34
89,S243,22.579017,89.202166,5.518,Soil,2025-04-13 00:00:00,2,5.518
90,S244,22.576023,89.233568,7.746,Soil,2025-04-13 00:00:00,2,7.746
91,S245,22.49898,89.001768,0.7859,Soil,2025-04-12 00:00:00,2,0.7859
92,S247,22.328293,89.129896,2.28,Soil,2025-04-14 00:00:00,2,2.28
93,S249,22.342289,89.236666,5.148,Soil,2025-04-14 00:00:00,2,5.148
94,S250,22.571928,89.212794,2.701,Soil,2025-04-13 00:00:00,2,2.701
95,S251,22.526822,89.235465,1.148,Soil,2025-04-13 00:00:00,2,1.148
96,S254,22.515718,89.21619,0.9468,Soil,2025-04-13 00:00:00,2,0.9468
97,S255,22.417043,89.16613,8.095,Soil,2025-04-13 00:00:00,2,8.095
98,S257,22.515551,89.222326,1.354,Soil,2025-04-13 00:00:00,2,1.354
99,S258,22.290593,89.198575,4.11,Soil,2025-04-14 00:00:00,2,4.11
100,S261,22.475998,89.166075,8.195,Soil,2025-04-13 00:00:00,2,8.195
101,S263,22.508021,89.153941,5.998,Soil,2025-04-13 00:00:00,2,5.998
102,S264,22.60553,89.141883,0.1569,Soil,2025-04-13 00:00:00,2,0.1569
103,S265,22.432635,89.147925,5.688,Soil,2025-04-12 00:00:00,2,5.688
104,S266,22.571747,89.093394,3.035,Soil,2025-04-13 00:00:00,2,3.035
105,S268,22.609204,88.976057,0.9626,Soil,2025-04-11 00:00:00,2,0.9626
106,S269,22.539899,89.138251,0.6671,Soil,2025-04-13 00:00:00,2,0.6671
107,S270,22.452104,89.141932,6.802,Soil,2025-04-12 00:00:00,2,6.802
108,S271,22.541757,89.10858,4.313,Soil,2025-04-13 00:00:00,2,4.313
109,S272,22.424886,89.04346,2.082,Soil,2025-04-12 00:00:00,2,2.082
110,S273,22.581265,89.246349,3.019,Soil,2025-04-13 00:00:00,2,3.019
111,S275,22.35981,89.03133,0.4991,Soil,2025-04-12 00:00:00,2,0.4991
112,S280,22.334361,89.143551,5.463,Soil,2025-04-14 00:00:00,2,5.463
113,S281,22.259839,89.066116,3.006,Soil,2025-04-14 00:00:00,2,3.006
114,S284,22.385129,89.054281,1.61,Soil,2025-04-12 00:00:00,2,1.61
115,S286,22.236742,89.272829,4.993,Soil,2025-04-14 00:00:00,2,4.993
116,S290,22.487203,89.21609,6.272,Soil,2025-04-13 00:00:00,2,6.272
117,S301,22.561164,89.305045,6.105,Soil,2025-04-12 00:00:00,3,6.105
118,S303,22.640593,89.301418,0.2368,Soil,2025-04-12 00:00:00,3,0.2368
119,S304,22.289899,89.296576,1.509,Soil,2025-04-13 00:00:00,3,1.509
120,S305,22.708789,89.272063,0.3784,Soil,2025-04-14 00:00:00,3,0.3784
121,S306,22.558932,89.368191,5.742,Soil,2025-04-12 00:00:00,3,5.742
122,S307,22.543095,89.295421,5.004,Soil,2025-04-12 00:00:00,3,5.004
123,S308,22.553758,89.304762,4.147,Soil,2025-04-12 00:00:00,3,4.147
124,S309,22.515215,89.402574,1.748,Soil,2025-04-12 00:00:00,3,1.748
125,S310,22.48348,89.301266,2.735,Soil,2025-04-13 00:00:00,3,2.735
126,S311,22.58855,89.266169,0.1287,Soil,2025-04-12 00:00:00,3,0.1287
127,S312,22.620699,89.305164,0.1526,Soil,2025-04-12 00:00:00,3,0.1526
128,S313,22.70862,89.272089,0.1538,Soil,2025-04-14 00:00:00,3,0.1538
129,S315,22.716986,89.284174,0.8122,Soil,2025-04-14 00:00:00,3,0.8122
130,S316,22.49285,89.358963,2.497,Soil,2025-04-12 00:00:00,3,2.497
131,S317,22.409746,89.280448,3.351,Soil,2025-04-13 00:00:00,3,3.351
132,S318,22.807263,89.179347,0.8701,Soil,2025-04-14 00:00:00,3,0.8701
133,S319,22.597067,89.372805,0.4474,Soil,2025-04-12 00:00:00,3,0.4474
134,S322,22.499594,89.334975,1.618,Soil,2025-04-13 00:00:00,3,1.618
135,S323,22.552478,89.553869,5.361,Soil,2025-04-11 00:00:00,3,5.361
136,S324,22.511673,89.577015,2.398,Soil,2025-04-11 00:00:00,3,2.398
137,S325,22.666468,89.296441,0.1817,Soil,2025-04-12 00:00:00,3,0.1817
138,S326,22.791388,89.218816,0.5411,Soil,2025-04-14 00:00:00,3,0.5411
139,S327,22.781705,89.254097,0.5194,Soil,2025-04-14 00:00:00,3,0.5194
140,S328,22.585819,89.502951,4.164,Soil,2025-04-11 00:00:00,3,4.164
141,S330,22.795633,89.174276,1.606,Soil,2025-04-14 00:00:00,3,1.606
142,S331,22.59187,89.307603,10.5,Soil,2025-04-12 00:00:00,3,10.5
143,S332,22.57745,89.45335,3.313,Soil,2025-04-11 00:00:00,3,3.313
144,S333,22.592922,89.48038,2.936,Soil,2025-04-11 00:00:00,3,2.936
145,S334,22.814184,89.148088,0.1213,Soil,2025-04-14 00:00:00,3,0.1213
146,S335,22.52323,89.288142,5.756,Soil,2025-04-12 00:00:00,3,5.756
147,S336,22.56501,89.531642,1.917,Soil,2025-04-11 00:00:00,3,1.917
148,S337,22.801332,89.206829,0.2912,Soil,2025-04-14 00:00:00,3,0.2912
149,S338,22.654322,89.304424,1.4,Soil,2025-04-12 00:00:00,3,1.4
150,S339,22.704126,89.305462,0.9796,Soil,2025-04-12 00:00:00,3,0.9796
151,S340,22.468735,89.345979,3.77,Soil,2025-04-13 00:00:00,3,3.77
152,S341,22.426095,89.33052,4.377,Soil,2025-04-13 00:00:00,3,4.377
153,S342,22.576945,89.525047,2.155,Soil,2025-04-11 00:00:00,3,2.155
154,S344,22.716683,89.250298,0.2122,Soil,2025-04-14 00:00:00,3,0.2122
155,S347,22.452927,89.283383,0.3609,Soil,2025-04-13 00:00:00,3,0.3609
156,S350,22.655666,89.269936,3.545,Soil,2025-04-14 00:00:00,3,3.545
157,S352,22.506049,89.458848,2.32,Soil,2025-04-11 00:00:00,3,2.32
158,S355,22.763943,89.171625,2.202,Soil,2025-04-14 00:00:00,3,2.202
159,S356,22.738374,89.159961,0.2768,Soil,2025-04-14 00:00:00,3,0.2768
160,S357,22.671402,89.238347,0.1427,Soil,2025-04-14 00:00:00,3,0.1427
161,S358,22.519968,89.57403,1.335,Soil,2025-04-11 00:00:00,3,1.335
162,S359,22.743655,89.302224,0.1219,Soil,2025-04-14 00:00:00,3,0.1219
163,S361,22.379083,89.279214,5.801,Soil,2025-04-13 00:00:00,3,5.801
164,S362,22.214545,89.326118,0.9174,Soil,2025-04-13 00:00:00,3,0.9174
165,S363,22.33061,89.289385,0.6699,Soil,2025-04-13 00:00:00,3,0.6699
166,S364,22.626627,89.509744,3.508,Soil,2025-04-11 00:00:00,3,3.508
167,S365,22.435887,89.277817,2.118,Soil,2025-04-13 00:00:00,3,2.118
168,S366,22.262759,89.320621,4.209,Soil,2025-04-13 00:00:00,3,4.209
169,S367,22.751324,89.256508,1.872,Soil,2025-04-14 00:00:00,3,1.872
170,S369,22.706193,89.173274,0.3807,Soil,2025-04-14 00:00:00,3,0.3807
171,S370,22.607262,89.510406,0.8849,Soil,2025-04-11 00:00:00,3,0.8849
172,S372,22.559114,89.539174,1.428,Soil,2025-04-11 00:00:00,3,1.428
173,S373,22.635299,89.301492,1.348,Soil,2025-04-12 00:00:00,3,1.348
174,S374,22.727656,89.268616,0.708,Soil,2025-04-14 00:00:00,3,0.708
175,S376,22.308278,89.291157,0.7468,Soil,2025-04-13 00:00:00,3,0.7468
176,S377,22.56251,89.475726,2.612,Soil,2025-04-11 00:00:00,3,2.612
177,S378,22.634852,89.268338,0.2737,Soil,2025-04-14 00:00:00,3,0.2737
178,S379,22.5705,89.301743,1.878,Soil,2025-04-12 00:00:00,3,1.878
179,S380,22.707826,89.273172,0.172,Soil,2025-04-14 00:00:00,3,0.172
180,S383,22.778026,89.16389,0.172,Soil,2025-04-14 00:00:00,3,0.172
181,S384,22.776354,89.18594,0.879,Soil,2025-04-14 00:00:00,3,0.879
182,S385,22.648757,89.199419,0.8039,Soil,2025-04-14 00:00:00,3,0.8039
183,S386,22.488199,89.471779,2.659,Soil,2025-04-11 00:00:00,3,2.659
184,S387,22.498088,89.580165,1.824,Soil,2025-04-11 00:00:00,3,1.824
185,S388,22.316691,89.293864,3.949,Soil,2025-04-13 00:00:00,3,3.949
186,S389,22.582103,89.510686,2.205,Soil,2025-04-11 00:00:00,3,2.205
187,S390,22.552443,89.49015,1.694,Soil,2025-04-11 00:00:00,3,1.694
